{
  "accuracy": 0.9997024498297352,
  "f1_macro": 0.9997127846510511,
  "n_estimators": 120,
  "max_depth": 10
}